esample_1,1
esample_2,2
esample_3,3
esample_4,4
esample_5,5
esample_6,6
esample_7,7
esample_8,8
esample_9,9
esample_10,10
esample_11,11
esample_12,12
esample_13,13
esample_14,14
esample_15,15
esample_16,16
esample_17,17
esample_18,18
esample_19,19
esample_20,20
esample_21,21
esample_22,22
esample_23,23
esample_24,24
esample_25,25
esample_26,26
esample_27,27
esample_28,28
esample_29,29
esample_30,30
esample_31,31
esample_32,32
esample_33,33
esample_34,34
esample_35,35
esample_36,36
esample_37,37
esample_38,38
esample_39,39
esample_40,40
esample_41,41
esample_42,42
esample_43,43
esample_44,44
esample_45,45
esample_46,46
esample_47,47
esample_48,48
esample_49,49
esample_50,50
esample_51,51
esample_52,52
esample_53,53
esample_54,54
esample_55,55
esample_56,56
esample_57,57
esample_58,58
esample_59,59
esample_60,60
esample_61,61
esample_62,62
esample_63,63
esample_64,64
esample_65,65
esample_66,66
esample_67,67
esample_68,68
esample_69,69
esample_70,70
esample_71,71
esample_72,72
esample_73,73
esample_74,74
esample_75,75
esample_76,76
esample_77,77
esample_78,78
esample_79,79
esample_80,80
esample_81,81
esample_82,82
esample_83,83
esample_84,84
esample_85,85