example_1,624
example_2,940
example_3,928
example_4,587
example_5,1066
example_6,671
example_7,894
example_8,1104
example_9,748
example_10,605
example_11,618
example_12,1195
example_13,1194
example_14,686
example_15,960
example_16,1229
example_17,400
example_18,389
example_19,387
example_20,444
example_21,423
example_22,391
example_23,457
example_24,555
example_25,1030
example_26,837
example_27,1032
example_28,1046
example_29,226
example_30,569
example_31,626
example_32,1036
example_33,675
example_34,1234
example_35,1029
example_36,628
example_37,817
example_38,887
example_39,452
example_40,1241
example_41,610
example_42,1120
example_43,397
example_44,453
example_45,1100
example_46,969
example_47,886
example_48,878
example_49,711
example_50,441
example_51,639
example_52,403
example_53,1251
example_54,1252
example_55,1245
example_56,806
example_57,1063
example_58,740
example_59,622
example_60,620
example_61,623
example_62,627
example_63,1228
example_64,602
example_65,583
example_66,585
example_67,586
example_68,588
example_69,881
example_70,1196
example_71,898
example_72,611
example_73,589
example_74,1028
example_75,631
example_76,1233
example_77,1027
example_78,561
example_79,654
example_80,844
example_81,1026
example_82,552
example_83,590
example_84,1012
example_85,1088
example_86,1025
example_87,883
example_88,856
example_89,653
example_90,617
example_91,582
example_92,1034
example_93,640
example_94,799
example_95,891
example_96,601
example_97,751
example_98,636
example_99,1039
example_100,768
example_101,607
example_102,591
example_103,597
example_104,608
example_105,737
example_106,1239
example_107,1218
example_108,1217
example_109,1223
example_110,835
example_111,984
example_112,1224
example_113,836
example_114,889
example_115,664
example_116,789
example_117,615
example_118,882
example_119,592
example_120,1065
example_121,672
example_122,619
example_123,1243
example_124,1244
example_125,1242
example_126,1250
example_127,635
example_128,167
example_129,1124
example_130,1123
example_131,1214
example_132,1215
example_133,604
example_134,968
example_135,584
example_136,593
example_137,645
example_138,857
example_139,983
example_140,1201
example_141,867
example_142,876
example_143,772
example_144,978
example_145,775
example_146,272
example_147,792
example_148,1142
example_149,884
example_150,885
example_151,966
example_152,833
example_153,845
example_154,1121
example_155,970
example_156,971
example_157,1042
example_158,1152
example_159,701
example_160,1230
example_161,658
example_162,482
example_163,646
example_164,732
example_165,714
example_166,1202
example_167,963
example_168,850
example_169,961
example_170,1119
example_171,854
example_172,1122
example_173,895
example_174,594
example_175,625
example_176,621
example_177,595
example_178,596
example_179,600
example_180,1031
example_181,148
example_182,733
example_183,638
example_184,774
example_185,890
example_186,689
example_187,1056
example_188,873
example_189,1033
example_190,1061
example_191,888
example_192,1070
example_193,1071
example_194,1041