example_1,4
example_2,7
example_3,33
example_4,34
example_5,35
example_6,36
example_7,37
example_8,38
example_9,39
example_10,40
example_11,41
example_12,43
example_13,51
example_14,52
example_15,61
example_16,62
example_17,63
example_18,64
example_19,67
example_20,68
example_21,69
example_22,71
example_23,72
example_24,73
example_25,74
example_26,75
example_27,76
example_28,77
example_29,78
example_30,79
example_31,80
example_32,81
example_33,82
example_34,83
example_35,84
example_36,85
example_37,86
example_38,87
example_39,88
example_40,89
example_41,90
example_42,91
example_43,92
example_44,93
example_45,94
example_46,95
example_47,96
example_48,97
example_49,98
example_50,99
example_51,100
example_52,101
example_53,102
example_54,103
example_55,104
example_56,105
example_57,106
example_58,107
example_59,108
example_60,109
example_61,110
example_62,111
example_63,112
example_64,113
example_65,115
example_66,116
example_67,117
example_68,118
example_69,119
example_70,120
example_71,121
example_72,122
example_73,123
example_74,124
example_75,125
example_76,126
example_77,127
example_78,128
example_79,129
example_80,131
example_81,132
example_82,133
example_83,134
example_84,135
example_85,136
example_86,137
example_87,138
example_88,139
example_89,140
example_90,141
example_91,143
example_92,144
example_93,145
example_94,146
example_95,147
example_96,148
example_97,149
example_98,150