example_1,1
example_2,2
example_3,3
example_4,4
example_5,5
example_6,6
example_7,7
example_8,8
example_9,9
example_10,10
example_11,11
example_12,12
example_13,13
example_14,14
example_15,15
example_16,16
example_17,17
example_18,18
example_19,19
example_20,20
example_21,21
example_22,22
example_23,23
example_24,24
example_25,25
example_26,26
example_27,27
example_28,28
example_29,29
example_30,30
example_31,31
example_32,32
example_33,33
example_34,34
example_35,35